{"id":"gretd_32324","age":53,"gender":"m","country":"United States","mail":"e1bffed0ec2c3f51892febc3mf617f1ebe501dac38bc26b2bb919aa50ed0b36d","store_id":3421}
{"id":"gretd_32325","gender":"f","country":"Canada","mail":"a5621a72b0a91193be2b38c684a15c9cf5334a98c0f9d68e2eaf7c6170708bfb","store_id":3421}
{"id":"gretd_32326","age":36,"gender":"f","country":"Canada","mail":"07fb737616e8706c02d5a23bb39c3ea1d4638bdefdde2f9dc52aed47c1ea516d","store_id":3421}
{"id":"gretd_32327","gender":"f","country":"Canada","mail":"b99c29ff4ee4cd2eb351ccbf2b7c3f679b394a6e0c522182772e684867c3b705","store_id":3421}
{"id":"gretd_32328","country":"United States","mail":"611c3d338b0a5fb8fa751c912898f734e9cc17a31035a7b48c439f0645042f5e","store_id":3421}
{"id":"gretd_32329","country":"United States","mail":"b6beb5874e30076f9cec76d26e0132315d084e583ed51cba4307bae19f517a13","store_id":3421}
{"id":"gretd_32330","country":"Canada","mail":"862c626780010cbad270ba8e05475b411b622cedbd535b9cf6815fba7b88e860","store_id":3421}
{"id":"gretd_32331","country":"Canada","mail":"838675d9ca5f8820273e4f12c8fe13c5bd00db6201b0600c20c655619e0fd127","store_id":3421}
{"id":"gretd_32332","country":"Canada","mail":"f2940d0dcc8146181914f24fa8896c543b6b0fb0a77bc9e1a6fbfcf3e5082ff2","store_id":3421}
{"id":"gretd_32333","age":28,"gender":"m","country":"United States","mail":"2b7cb4ecfbedb601fa93a255c3ebed21e231c1ee08b159041f6daee80a357174","store_id":3421}
{"id":"gretd_32334","age":19,"gender":"m","country":"United States","mail":"45cb267ca220de42878eebda24bc0376041739394cb97d74bac308acf4d1b401","store_id":3421}
{"id":"gretd_32335","age":35,"gender":"m","country":"United States","mail":"45c1f1614def43e140fe634ea3d2075a964bc2c78e3bfe0c2faf5c94c6ec8b92","store_id":3421}
{"id":"gretd_32336","age":51,"gender":"m","country":"United States","mail":"8afb90a4bf1b332017eba399abc2990c00b19c05b8771ca94d687208a3da1fda","store_id":3421}
{"id":"gretd_32337","age":48,"gender":"f","country":"Canada","mail":"135a2d007d44456677dbbc8d41b9ea7e9a93d97f5ae9f989520a9578e564c9f9","store_id":3421}
{"id":"gretd_32338","age":31,"gender":"f","country":"Canada","mail":"f1d26057541b9a84c75ddfa7690d9f1b91a619a60237fb283569f8da84ff5941","store_id":3421}
{"id":"gretd_32339","age":26,"gender":"f","country":"United States","mail":"29376c1f4c19b087f64cd797063086f0e2f2bb7d3011e51ae1c74f9d04f6ac2f","store_id":3421}
{"id":"gretd_32340","age":18,"gender":"f","country":"United States","mail":"26cc7457916b96ef7bd42d92db7c1293779cad011ac6ff66fba82882dd908b62","store_id":3421}
{"id":"gretd_32341","age":17,"gender":"f","country":"United States","mail":"39bb5ce0d67d4017bd5c4893980d4d14438ba7801ad1c299f8f5bd4472ef6399","store_id":3421}
{"id":"gretd_32342","age":28,"gender":"m","country":"United States","mail":"4e3a64b190199d22beaf2957182565e081f52e9c049fee5a6b6ede4b2d0e7b39","store_id":3421}
{"id":"gretd_32343","age":27,"gender":"m","country":"United States","mail":"ebec07a119ce6cb5bdb648799a3168dd5ad8a73fe0645823f5008e7cdc2e5d92","store_id":3421}
{"id":"gretd_32344","age":32,"gender":"m","country":"United States","mail":"9c0454fb7441d019287c6e2dd7e554662f003c5b04ba50c186a5ef84dc9ed670","store_id":3421}
{"id":"gretd_32345","age":20,"country":"United States","mail":"6b81ed5a2958ef19befb3233d1f6025fb7d783a4e6c5abb4db052026ea640136","store_id":3421}
{"id":"gretd_32346","age":58,"gender":"f","country":"United States","mail":"034caafb6816abe2e45b2ab4f735df83b2146d76c585b2ebf300048c48b9dcab","store_id":3421}
